Departamento,Municipio,Cantidad
AMAZONAS,LETICIA,408
ANTIOQUIA,ABEJORRAL,148
ANTIOQUIA,ALEJANDRIA,14
ANTIOQUIA,AMAGA,512
ANTIOQUIA,AMALFI,32
ANTIOQUIA,ANDES,303
ANTIOQUIA,ANGELOPOLIS,43
ANTIOQUIA,ANGOSTURA,26
ANTIOQUIA,ANORI,11
ANTIOQUIA,ANZA,11
ANTIOQUIA,APARTADO,"2,073"
ANTIOQUIA,ARBOLETES,45
ANTIOQUIA,ARGELIA,9
ANTIOQUIA,ARMENIA,25
ANTIOQUIA,BARBOSA,"1,183"
ANTIOQUIA,BELLO,"20,116"
ANTIOQUIA,BETANIA,10
ANTIOQUIA,BETULIA,14
ANTIOQUIA,CAICEDO,7
ANTIOQUIA,CALDAS,"5,245"
ANTIOQUIA,CAMPAMENTO,26
ANTIOQUIA,CAÑASGORDAS,51
ANTIOQUIA,CARACOLI,17
ANTIOQUIA,CARAMANTA,17
ANTIOQUIA,CAREPA,354
ANTIOQUIA,CAROLINA,46
ANTIOQUIA,CAUCASIA,288
ANTIOQUIA,CHIGORODO,551
ANTIOQUIA,CISNEROS,89
ANTIOQUIA,CIUDAD BOLIVAR,93
ANTIOQUIA,COCORNA,56
ANTIOQUIA,CONCEPCION,22
ANTIOQUIA,CONCORDIA,55
ANTIOQUIA,COPACABANA,"3,939"
ANTIOQUIA,DABEIBA,34
ANTIOQUIA,DON MATIAS,164
ANTIOQUIA,EBEJICO,39
ANTIOQUIA,EL BAGRE,218
ANTIOQUIA,EL CARMEN DE VIBORAL,"1,721"
ANTIOQUIA,EL SANTUARIO,453
ANTIOQUIA,ENTRERRIOS,55
ANTIOQUIA,ENVIGADO,"13,289"
ANTIOQUIA,FREDONIA,401
ANTIOQUIA,FRONTINO,63
ANTIOQUIA,GIRARDOTA,"2,744"
ANTIOQUIA,GOMEZ PLATA,79
ANTIOQUIA,GRANADA,65
ANTIOQUIA,GUADALUPE,20
ANTIOQUIA,GUARNE,"1,379"
ANTIOQUIA,GUATAPE,4
ANTIOQUIA,HELICONIA,35
ANTIOQUIA,ITAGUI,"14,166"
ANTIOQUIA,ITUANGO,28
ANTIOQUIA,JARDIN,169
ANTIOQUIA,JERICO,108
ANTIOQUIA,LA CEJA,"3,069"
ANTIOQUIA,LA ESTRELLA,"1,349"
ANTIOQUIA,LA UNION,169
ANTIOQUIA,LIBORINA,44
ANTIOQUIA,MACEO,27
ANTIOQUIA,MARINILLA,"1,527"
ANTIOQUIA,MEDELLIN,"177,889"
ANTIOQUIA,MONTEBELLO,40
ANTIOQUIA,MUTATA,7
ANTIOQUIA,NARIÑO,17
ANTIOQUIA,NECHI,3
ANTIOQUIA,NECOCLI,43
ANTIOQUIA,PEÑOL,300
ANTIOQUIA,PEQUE,10
ANTIOQUIA,PUEBLORRICO,30
ANTIOQUIA,PUERTO BERRIO,309
ANTIOQUIA,PUERTO NARE,21
ANTIOQUIA,PUERTO TRIUNFO,26
ANTIOQUIA,REMEDIOS,61
ANTIOQUIA,RETIRO,926
ANTIOQUIA,RIONEGRO,"5,520"
ANTIOQUIA,SABANALARGA,14
ANTIOQUIA,SABANETA,"4,080"
ANTIOQUIA,SALGAR,45
ANTIOQUIA,SAN ANDRES,11
ANTIOQUIA,SAN CARLOS,61
ANTIOQUIA,SAN JERONIMO,93
ANTIOQUIA,SAN JOSE DE LA MONTAÑA,10
ANTIOQUIA,SAN LUIS,45
ANTIOQUIA,SAN PEDRO,281
ANTIOQUIA,SAN PEDRO DE URABA,24
ANTIOQUIA,SAN RAFAEL,85
ANTIOQUIA,SAN ROQUE,64
ANTIOQUIA,SAN VICENTE,55
ANTIOQUIA,SANTA BARBARA,431
ANTIOQUIA,SANTA ROSA DE OSOS,251
ANTIOQUIA,SANTAFE DE ANTIOQUIA,239
ANTIOQUIA,SANTO DOMINGO,28
ANTIOQUIA,SEGOVIA,601
ANTIOQUIA,SONSON,237
ANTIOQUIA,SOPETRAN,84
ANTIOQUIA,TAMESIS,120
ANTIOQUIA,TARAZA,16
ANTIOQUIA,TARSO,19
ANTIOQUIA,TITIRIBI,205
ANTIOQUIA,TOLEDO,11
ANTIOQUIA,TURBO,477
ANTIOQUIA,URRAO,149
ANTIOQUIA,VALDIVIA,15
ANTIOQUIA,VALPARAISO,45
ANTIOQUIA,VEGACHI,29
ANTIOQUIA,VENECIA,102
ANTIOQUIA,YARUMAL,283
ANTIOQUIA,YOLOMBO,73
ANTIOQUIA,YONDO,28
ANTIOQUIA,ZARAGOZA,16
ARAUCA,ARAUCA,444
ARAUCA,ARAUQUITA,22
ARAUCA,CRAVO NORTE,3
ARAUCA,FORTUL,10
ARAUCA,PUERTO RONDON,5
ARAUCA,SARAVENA,111
ARAUCA,TAME,59
"ARCHIPIELAGO DE SAN ANDRES, PROVIDENCIA Y SANTA CA",PROVIDENCIA,83
"ARCHIPIELAGO DE SAN ANDRES, PROVIDENCIA Y SANTA CA",SAN ANDRES,"2,061"
ATLANTICO,BARANOA,"1,071"
ATLANTICO,BARRANQUILLA,"58,185"
ATLANTICO,CAMPO DE LA CRUZ,58
ATLANTICO,CANDELARIA,12
ATLANTICO,GALAPA,337
ATLANTICO,JUAN DE ACOSTA,66
ATLANTICO,LURUACO,48
ATLANTICO,MALAMBO,110
ATLANTICO,MANATI,22
ATLANTICO,PUERTO COLOMBIA,512
ATLANTICO,REPELON,34
ATLANTICO,SABANALARGA,878
ATLANTICO,SANTO TOMAS,700
ATLANTICO,SOLEDAD,"2,256"
BOGOTA D.C,BOGOTA,"398,080"
BOLIVAR,ACHI,1
BOLIVAR,ARJONA,486
BOLIVAR,CALAMAR,31
BOLIVAR,CARTAGENA,"26,159"
BOLIVAR,EL CARMEN DE BOLIVAR,28
BOLIVAR,MAGANGUE,513
BOLIVAR,MARIA LA BAJA,20
BOLIVAR,MOMPOS,128
BOLIVAR,MORALES,4
BOLIVAR,PINILLOS,2
BOLIVAR,SAN ESTANISLAO,69
BOLIVAR,SAN JACINTO,80
BOLIVAR,SAN JUAN NEPOMUCENO,44
BOLIVAR,SAN PABLO,25
BOLIVAR,SANTA CATALINA,19
BOLIVAR,SANTA ROSA DEL SUR,4
BOLIVAR,SIMITI,9
BOLIVAR,TURBACO,265
BOYACA,AQUITANIA,33
BOYACA,ARCABUCO,16
BOYACA,BELEN,181
BOYACA,BOAVITA,25
BOYACA,CAMPOHERMOSO,2
BOYACA,CHINAVITA,13
BOYACA,CHIQUINQUIRA,"1,247"
BOYACA,CHISCAS,10
BOYACA,CHITA,9
BOYACA,CHITARAQUE,4
BOYACA,COVARACHIA,1
BOYACA,CUBARA,9
BOYACA,DUITAMA,"5,628"
BOYACA,EL COCUY,28
BOYACA,EL ESPINO,22
BOYACA,GACHANTIVA,6
BOYACA,GAMEZA,60
BOYACA,GARAGOA,261
BOYACA,GUATEQUE,246
BOYACA,GUAYATA,12
BOYACA,GÜICAN,13
BOYACA,JENESANO,22
BOYACA,LA UVITA,15
BOYACA,LABRANZAGRANDE,4
BOYACA,MACANAL,23
BOYACA,MIRAFLORES,53
BOYACA,MONIQUIRA,254
BOYACA,MUZO,4
BOYACA,NOBSA,159
BOYACA,NUEVO COLON,22
BOYACA,OTANCHE,5
BOYACA,PAEZ,3
BOYACA,PAIPA,"1,107"
BOYACA,PAJARITO,4
BOYACA,PAUNA,17
BOYACA,PAZ DE RIO,215
BOYACA,PESCA,48
BOYACA,PUERTO BOYACA,307
BOYACA,RAMIRIQUI,79
BOYACA,SABOYA,35
BOYACA,SAMACA,269
BOYACA,SAN JOSE DE PARE,9
BOYACA,SAN LUIS DE GACENO,23
BOYACA,SAN MATEO,11
BOYACA,SANTA ROSA DE VITERBO,197
BOYACA,SANTA SOFIA,19
BOYACA,SANTANA,49
BOYACA,SATIVANORTE,15
BOYACA,SOATA,99
BOYACA,SOCHA,201
BOYACA,SOCOTA,18
BOYACA,SOGAMOSO,"8,075"
BOYACA,SOMONDOCO,10
BOYACA,SOTAQUIRA,131
BOYACA,SUSACON,6
BOYACA,SUTAMARCHAN,35
BOYACA,TENZA,55
BOYACA,TIBANA,32
BOYACA,TIPACOQUE,6
BOYACA,TOCA,19
BOYACA,TOGÜI,12
BOYACA,TUNJA,"6,118"
BOYACA,TURMEQUE,24
BOYACA,TUTA,104
BOYACA,UMBITA,7
BOYACA,VENTAQUEMADA,50
BOYACA,VILLA DE LEYVA,299
BOYACA,ZETAQUIRA,6
CALDAS,AGUADAS,694
CALDAS,ANSERMA,844
CALDAS,ARANZAZU,244
CALDAS,BELALCAZAR,132
CALDAS,CHINCHINA,"2,658"
CALDAS,FILADELFIA,102
CALDAS,LA DORADA,"1,726"
CALDAS,LA MERCED,112
CALDAS,MANIZALES,"31,240"
CALDAS,MANZANARES,164
CALDAS,MARMATO,55
CALDAS,MARQUETALIA,44
CALDAS,MARULANDA,14
CALDAS,NEIRA,59
CALDAS,PACORA,326
CALDAS,PALESTINA,204
CALDAS,PENSILVANIA,157
CALDAS,RIOSUCIO,804
CALDAS,RISARALDA,120
CALDAS,SALAMINA,465
CALDAS,SAMANA,108
CALDAS,SUPIA,400
CALDAS,VICTORIA,83
CALDAS,VILLAMARIA,853
CALDAS,VITERBO,352
CAQUETA,ALBANIA,7
CAQUETA,BELEN DE LOS ANDAQUIES,22
CAQUETA,CARTAGENA DEL CHAIRA,7
CAQUETA,CURILLO,1
CAQUETA,EL DONCELLO,36
CAQUETA,EL PAUJIL,12
CAQUETA,FLORENCIA,"1,960"
CAQUETA,MILAN,3
CAQUETA,PUERTO RICO,15
CAQUETA,SAN VICENTE DEL CAGUAN,43
CAQUETA,VALPARAISO,5
CASANARE,AGUAZUL,146
CASANARE,HATO COROZAL,8
CASANARE,MANI,12
CASANARE,MONTERREY,52
CASANARE,NUNCHIA,2
CASANARE,OROCUE,25
CASANARE,PAZ DE ARIPORO,34
CASANARE,PORE,4
CASANARE,SABANALARGA,7
CASANARE,SAN LUIS DE PALENQUE,6
CASANARE,TAMARA,3
CASANARE,TAURAMENA,57
CASANARE,TRINIDAD,6
CASANARE,VILLANUEVA,185
CASANARE,YOPAL,"1,208"
CAUCA,ALMAGUER,3
CAUCA,ARGELIA,4
CAUCA,BALBOA,10
CAUCA,BOLIVAR,39
CAUCA,BUENOS AIRES,22
CAUCA,CAJIBIO,27
CAUCA,CALDONO,14
CAUCA,CALOTO,350
CAUCA,CORINTO,427
CAUCA,EL TAMBO,32
CAUCA,GUACHENE,57
CAUCA,GUAPI,43
CAUCA,INZA,23
CAUCA,JAMBALO,1
CAUCA,LA SIERRA,7
CAUCA,LA VEGA,4
CAUCA,LOPEZ,2
CAUCA,MERCADERES,22
CAUCA,MIRANDA,"1,127"
CAUCA,MORALES,25
CAUCA,PADILLA,173
CAUCA,PAEZ,8
CAUCA,PATIA,272
CAUCA,PIENDAMO,219
CAUCA,POPAYAN,"10,285"
CAUCA,PUERTO TEJADA,"2,268"
CAUCA,PURACE,15
CAUCA,SAN SEBASTIAN,3
CAUCA,SANTANDER DE QUILICHAO,"1,892"
CAUCA,SILVIA,25
CAUCA,SOTARA,14
CAUCA,SUAREZ,31
CAUCA,TIMBIO,150
CAUCA,TIMBIQUI,13
CAUCA,TORIBIO,5
CAUCA,TOTORO,6
CESAR,AGUACHICA,555
CESAR,AGUSTIN CODAZZI,482
CESAR,ASTREA,7
CESAR,BECERRIL,43
CESAR,BOSCONIA,135
CESAR,CHIMICHAGUA,31
CESAR,CHIRIGUANA,44
CESAR,CURUMANI,84
CESAR,EL COPEY,112
CESAR,EL PASO,21
CESAR,GAMARRA,7
CESAR,LA GLORIA,21
CESAR,LA JAGUA DE IBIRICO,111
CESAR,LA PAZ,90
CESAR,MANAURE,17
CESAR,PELAYA,16
CESAR,RIO DE ORO,32
CESAR,SAN ALBERTO,374
CESAR,SAN DIEGO,30
CESAR,SAN MARTIN,24
CESAR,TAMALAMEQUE,19
CESAR,VALLEDUPAR,"6,585"
CHOCO,ACANDI,8
CHOCO,BAHIA SOLANO,21
CHOCO,BAJO BAUDO,4
CHOCO,CONDOTO,98
CHOCO,EL CARMEN DE ATRATO,39
CHOCO,ISTMINA,23
CHOCO,QUIBDO,"1,409"
CHOCO,RIOSUCIO,6
CHOCO,TADO,35
CHOCO,UNGUIA,7
CORDOBA,AYAPEL,52
CORDOBA,BUENAVISTA,24
CORDOBA,CANALETE,11
CORDOBA,CERETE,780
CORDOBA,CHIMA,20
CORDOBA,CHINU,182
CORDOBA,CIENAGA DE ORO,145
CORDOBA,LORICA,336
CORDOBA,LOS CORDOBAS,6
CORDOBA,MOMIL,29
CORDOBA,MOÑITOS,7
CORDOBA,MONTELIBANO,470
CORDOBA,MONTERIA,"6,603"
CORDOBA,PLANETA RICA,358
CORDOBA,PUEBLO NUEVO,34
CORDOBA,PUERTO ESCONDIDO,17
CORDOBA,PUERTO LIBERTADOR,29
CORDOBA,PURISIMA,15
CORDOBA,SAHAGUN,464
CORDOBA,SAN ANDRES SOTAVENTO,25
CORDOBA,SAN ANTERO,52
CORDOBA,SAN BERNARDO DEL VIENTO,43
CORDOBA,SAN CARLOS,24
CORDOBA,SAN PELAYO,68
CORDOBA,TIERRALTA,62
CORDOBA,VALENCIA,25
CUNDINAMARCA,AGUA DE DIOS,322
CUNDINAMARCA,ANAPOIMA,311
CUNDINAMARCA,ANOLAIMA,136
CUNDINAMARCA,APULO,52
CUNDINAMARCA,ARBELAEZ,143
CUNDINAMARCA,BOJACA,34
CUNDINAMARCA,CABRERA,2
CUNDINAMARCA,CACHIPAY,117
CUNDINAMARCA,CAJICA,"1,909"
CUNDINAMARCA,CAPARRAPI,15
CUNDINAMARCA,CAQUEZA,188
CUNDINAMARCA,CARMEN DE CARUPA,9
CUNDINAMARCA,CHAGUANI,20
CUNDINAMARCA,CHIA,"5,560"
CUNDINAMARCA,CHIPAQUE,32
CUNDINAMARCA,CHOACHI,110
CUNDINAMARCA,CHOCONTA,124
CUNDINAMARCA,COGUA,297
CUNDINAMARCA,COTA,345
CUNDINAMARCA,EL COLEGIO,711
CUNDINAMARCA,EL ROSAL,153
CUNDINAMARCA,FACATATIVA,"5,636"
CUNDINAMARCA,FOMEQUE,88
CUNDINAMARCA,FOSCA,11
CUNDINAMARCA,FUNZA,"4,102"
CUNDINAMARCA,FUSAGASUGA,"5,245"
CUNDINAMARCA,GACHALA,11
CUNDINAMARCA,GACHANCIPA,9
CUNDINAMARCA,GACHETA,156
CUNDINAMARCA,GIRARDOT,"6,229"
CUNDINAMARCA,GUACHETA,86
CUNDINAMARCA,GUADUAS,296
CUNDINAMARCA,GUASCA,208
CUNDINAMARCA,GUATAVITA,99
CUNDINAMARCA,GUAYABAL DE SIQUIMA,30
CUNDINAMARCA,GUTIERREZ,2
CUNDINAMARCA,JUNIN,19
CUNDINAMARCA,LA CALERA,495
CUNDINAMARCA,LA MESA,"1,108"
CUNDINAMARCA,LA PALMA,55
CUNDINAMARCA,LA PEÑA,4
CUNDINAMARCA,LA VEGA,330
CUNDINAMARCA,LENGUAZAQUE,50
CUNDINAMARCA,MACHETA,31
CUNDINAMARCA,MADRID,"3,174"
CUNDINAMARCA,MANTA,18
CUNDINAMARCA,MEDINA,20
CUNDINAMARCA,MOSQUERA,"1,760"
CUNDINAMARCA,NEMOCON,108
CUNDINAMARCA,NILO,9
CUNDINAMARCA,NOCAIMA,32
CUNDINAMARCA,PACHO,476
CUNDINAMARCA,PAIME,5
CUNDINAMARCA,PANDI,22
CUNDINAMARCA,PARATEBUENO,13
CUNDINAMARCA,PASCA,8
CUNDINAMARCA,PUERTO SALGAR,144
CUNDINAMARCA,QUETAME,11
CUNDINAMARCA,QUIPILE,6
CUNDINAMARCA,SAN BERNARDO,26
CUNDINAMARCA,SAN CAYETANO,5
CUNDINAMARCA,SAN FRANCISCO,98
CUNDINAMARCA,SAN JUAN DE RIO SECO,43
CUNDINAMARCA,SASAIMA,204
CUNDINAMARCA,SESQUILE,179
CUNDINAMARCA,SIBATE,917
CUNDINAMARCA,SILVANIA,356
CUNDINAMARCA,SIMIJACA,193
CUNDINAMARCA,SOACHA,"9,110"
CUNDINAMARCA,SOPO,798
CUNDINAMARCA,SUBACHOQUE,322
CUNDINAMARCA,SUESCA,422
CUNDINAMARCA,SUPATA,25
CUNDINAMARCA,SUSA,32
CUNDINAMARCA,TABIO,325
CUNDINAMARCA,TENA,23
CUNDINAMARCA,TENJO,613
CUNDINAMARCA,TOCAIMA,216
CUNDINAMARCA,TOCANCIPA,549
CUNDINAMARCA,TOPAIPI,5
CUNDINAMARCA,UBALA,23
CUNDINAMARCA,UBAQUE,20
CUNDINAMARCA,UBATE,"1,687"
CUNDINAMARCA,UNE,13
CUNDINAMARCA,UTICA,27
CUNDINAMARCA,VENECIA,12
CUNDINAMARCA,VERGARA,22
CUNDINAMARCA,VIANI,32
CUNDINAMARCA,VILLAGOMEZ,6
CUNDINAMARCA,VILLAPINZON,100
CUNDINAMARCA,VILLETA,568
CUNDINAMARCA,VIOTA,72
CUNDINAMARCA,YACOPI,16
CUNDINAMARCA,ZIPAQUIRA,"6,608"
GUAINIA,INIRIDA,119
GUAVIARE,MIRAFLORES,1
GUAVIARE,SAN JOSE DEL GUAVIARE,183
HUILA,ACEVEDO,8
HUILA,AGRADO,22
HUILA,AIPE,88
HUILA,ALGECIRAS,34
HUILA,ALTAMIRA,27
HUILA,BARAYA,32
HUILA,CAMPOALEGRE,325
HUILA,COLOMBIA,5
HUILA,ELIAS,5
HUILA,GARZON,797
HUILA,GIGANTE,158
HUILA,GUADALUPE,32
HUILA,HOBO,31
HUILA,IQUIRA,17
HUILA,ISNOS,17
HUILA,LA ARGENTINA,11
HUILA,LA PLATA,245
HUILA,NATAGA,6
HUILA,NEIVA,"11,619"
HUILA,OPORAPA,5
HUILA,PAICOL,14
HUILA,PALERMO,114
HUILA,PALESTINA,2
HUILA,PITAL,38
HUILA,PITALITO,922
HUILA,RIVERA,117
HUILA,SALADOBLANCO,9
HUILA,SAN AGUSTIN,76
HUILA,SANTA MARIA,4
HUILA,SUAZA,26
HUILA,TARQUI,37
HUILA,TELLO,33
HUILA,TERUEL,20
HUILA,TESALIA,51
HUILA,TIMANA,61
HUILA,VILLAVIEJA,22
HUILA,YAGUARA,96
LA GUAJIRA,ALBANIA,42
LA GUAJIRA,BARRANCAS,134
LA GUAJIRA,DIBULLA,6
LA GUAJIRA,FONSECA,145
LA GUAJIRA,HATONUEVO,15
LA GUAJIRA,MAICAO,315
LA GUAJIRA,MANAURE,45
LA GUAJIRA,RIOHACHA,"1,807"
LA GUAJIRA,SAN JUAN DEL CESAR,233
LA GUAJIRA,URIBIA,20
LA GUAJIRA,URUMITA,52
LA GUAJIRA,VILLANUEVA,44
MAGDALENA,ARACATACA,581
MAGDALENA,ARIGUANI,42
MAGDALENA,CERRO SAN ANTONIO,7
MAGDALENA,CHIBOLO,6
MAGDALENA,CIENAGA,"1,936"
MAGDALENA,EL BANCO,290
MAGDALENA,FUNDACION,328
MAGDALENA,GUAMAL,41
MAGDALENA,PIVIJAY,197
MAGDALENA,PLATO,176
MAGDALENA,SAN SEBASTIAN DE BUENAVISTA,6
MAGDALENA,SANTA ANA,19
MAGDALENA,SANTA MARTA,"11,414"
MAGDALENA,ZONA BANANERA,2
META,,16
META,ACACIAS,"1,098"
META,CABUYARO,7
META,CASTILLA LA NUEVA,30
META,CUMARAL,200
META,EL CASTILLO,2
META,FUENTE DE ORO,12
META,GRANADA,466
META,GUAMAL,57
META,LEJANIAS,9
META,MAPIRIPAN,1
META,MESETAS,2
META,PUERTO GAITAN,39
META,PUERTO LLERAS,9
META,PUERTO LOPEZ,217
META,PUERTO RICO,5
META,RESTREPO,130
META,SAN CARLOS DE GUAROA,24
META,SAN JUAN DE ARAMA,7
META,SAN JUANITO,1
META,SAN MARTIN,279
META,VILLAVICENCIO,"9,752"
META,VISTAHERMOSA,9
NARINO,ALBAN,7
NARINO,ANCUYA,17
NARINO,ARBOLEDA,9
NARINO,BARBACOAS,32
NARINO,BELEN,3
NARINO,BUESACO,46
NARINO,CHACHAGÜI,4
NARINO,CONSACA,30
NARINO,CONTADERO,18
NARINO,CORDOBA,4
NARINO,CUMBAL,15
NARINO,CUMBITARA,3
NARINO,EL CHARCO,3
NARINO,EL ROSARIO,4
NARINO,EL TABLON DE GOMEZ,14
NARINO,EL TAMBO,39
NARINO,FUNES,13
NARINO,GUACHUCAL,20
NARINO,GUAITARILLA,43
NARINO,ILES,1
NARINO,IPIALES,"1,403"
NARINO,LA CRUZ,34
NARINO,LA UNION,158
NARINO,LINARES,17
NARINO,LOS ANDES,20
NARINO,OLAYA HERRERA,1
NARINO,PASTO,"11,252"
NARINO,PUERRES,9
NARINO,PUPIALES,15
NARINO,RICAURTE,22
NARINO,SAMANIEGO,67
NARINO,SAN LORENZO,9
NARINO,SAN PABLO,61
NARINO,SANDONA,87
NARINO,SANTA BARBARA,1
NARINO,TAMINANGO,13
NARINO,TUMACO,"1,150"
NARINO,TUQUERRES,198
NARINO,YACUANQUER,19
NORTE DE SANTANDER,,4
NORTE DE SANTANDER,ABREGO,40
NORTE DE SANTANDER,ARBOLEDAS,12
NORTE DE SANTANDER,BOCHALEMA,36
NORTE DE SANTANDER,CACHIRA,20
NORTE DE SANTANDER,CACOTA,1
NORTE DE SANTANDER,CHINACOTA,126
NORTE DE SANTANDER,CHITAGA,20
NORTE DE SANTANDER,CONVENCION,23
NORTE DE SANTANDER,CUCUTA,"16,995"
NORTE DE SANTANDER,CUCUTILLA,11
NORTE DE SANTANDER,DURANIA,17
NORTE DE SANTANDER,EL CARMEN,7
NORTE DE SANTANDER,EL ZULIA,149
NORTE DE SANTANDER,GRAMALOTE,6
NORTE DE SANTANDER,HERRAN,7
NORTE DE SANTANDER,LABATECA,7
NORTE DE SANTANDER,LOS PATIOS,71
NORTE DE SANTANDER,MUTISCUA,2
NORTE DE SANTANDER,OCAÑA,"1,232"
NORTE DE SANTANDER,PAMPLONA,"1,052"
NORTE DE SANTANDER,RAGONVALIA,5
NORTE DE SANTANDER,SALAZAR,24
NORTE DE SANTANDER,SARDINATA,29
NORTE DE SANTANDER,SILOS,5
NORTE DE SANTANDER,TEORAMA,5
NORTE DE SANTANDER,TIBU,31
NORTE DE SANTANDER,TOLEDO,46
NORTE DE SANTANDER,VILLA CARO,2
PUTUMAYO,LEGUIZAMO,12
PUTUMAYO,MOCOA,330
PUTUMAYO,ORITO,30
PUTUMAYO,PUERTO ASIS,99
PUTUMAYO,PUERTO GUZMAN,2
PUTUMAYO,SIBUNDOY,132
PUTUMAYO,VALLE DEL GUAMUEZ,20
PUTUMAYO,VILLAGARZON,31
QUINDIO,ARMENIA,"15,926"
QUINDIO,BUENAVISTA,35
QUINDIO,CALARCA,"1,869"
QUINDIO,CIRCASIA,512
QUINDIO,CORDOBA,66
QUINDIO,FILANDIA,157
QUINDIO,GENOVA,79
QUINDIO,LA TEBAIDA,503
QUINDIO,MONTENEGRO,740
QUINDIO,PIJAO,87
QUINDIO,QUIMBAYA,853
QUINDIO,SALENTO,128
RISARALDA,APIA,187
RISARALDA,BALBOA,72
RISARALDA,BELEN DE UMBRIA,281
RISARALDA,DOSQUEBRADAS,"5,729"
RISARALDA,GUATICA,76
RISARALDA,LA CELIA,49
RISARALDA,LA VIRGINIA,"1,117"
RISARALDA,MARSELLA,229
RISARALDA,MISTRATO,47
RISARALDA,PEREIRA,"30,992"
RISARALDA,PUEBLO RICO,33
RISARALDA,QUINCHIA,55
RISARALDA,SANTA ROSA DE CABAL,"2,424"
RISARALDA,SANTUARIO,78
SANTANDER,ARATOCA,19
SANTANDER,BARBOSA,758
SANTANDER,BARICHARA,72
SANTANDER,BARRANCABERMEJA,"4,226"
SANTANDER,BETULIA,10
SANTANDER,BOLIVAR,18
SANTANDER,BUCARAMANGA,"38,432"
SANTANDER,CAPITANEJO,60
SANTANDER,CARCASI,1
SANTANDER,CERRITO,5
SANTANDER,CHARALA,79
SANTANDER,CHIMA,4
SANTANDER,CHIPATA,1
SANTANDER,CIMITARRA,25
SANTANDER,CONCEPCION,16
SANTANDER,CONTRATACION,45
SANTANDER,COROMORO,3
SANTANDER,CURITI,64
SANTANDER,EL CARMEN DE CHUCURI,10
SANTANDER,FLORIAN,5
SANTANDER,FLORIDABLANCA,"2,518"
SANTANDER,GAMBITA,15
SANTANDER,GIRON,"2,984"
SANTANDER,GUACA,9
SANTANDER,GUADALUPE,37
SANTANDER,GUAVATA,8
SANTANDER,GÜEPSA,15
SANTANDER,JESUS MARIA,9
SANTANDER,LA BELLEZA,5
SANTANDER,LA PAZ,7
SANTANDER,LANDAZURI,19
SANTANDER,LEBRIJA,297
SANTANDER,LOS SANTOS,46
SANTANDER,MALAGA,286
SANTANDER,MATANZA,26
SANTANDER,MOGOTES,44
SANTANDER,MOLAGAVITA,2
SANTANDER,OIBA,44
SANTANDER,ONZAGA,29
SANTANDER,PIEDECUESTA,"2,320"
SANTANDER,PUENTE NACIONAL,107
SANTANDER,PUERTO WILCHES,390
SANTANDER,RIONEGRO,43
SANTANDER,SABANA DE TORRES,59
SANTANDER,SAN ANDRES,28
SANTANDER,SAN GIL,"2,466"
SANTANDER,SAN VICENTE DE CHUCURI,138
SANTANDER,SIMACOTA,29
SANTANDER,SOCORRO,"1,118"
SANTANDER,SUAITA,41
SANTANDER,SUCRE,1
SANTANDER,SURATA,9
SANTANDER,TONA,3
SANTANDER,VELEZ,240
SANTANDER,VETAS,48
SANTANDER,VILLANUEVA,37
SANTANDER,ZAPATOCA,129
SUCRE,BUENAVISTA,10
SUCRE,CAIMITO,11
SUCRE,COROZAL,510
SUCRE,COVEÑAS,39
SUCRE,GALERAS,22
SUCRE,GUARANDA,2
SUCRE,LA UNION,14
SUCRE,LOS PALMITOS,26
SUCRE,MAJAGUAL,10
SUCRE,OVEJAS,39
SUCRE,SAMPUES,40
SUCRE,SAN BENITO ABAD,9
SUCRE,SAN MARCOS,66
SUCRE,SAN ONOFRE,44
SUCRE,SAN PEDRO,17
SUCRE,SANTIAGO DE TOLU,163
SUCRE,SINCE,29
SUCRE,SINCELEJO,"4,182"
SUCRE,SUCRE,24
SUCRE,TOLU VIEJO,37
TOLIMA,ALPUJARRA,16
TOLIMA,ALVARADO,118
TOLIMA,AMBALEMA,143
TOLIMA,ANZOATEGUI,7
TOLIMA,ARMERO,36
TOLIMA,ATACO,7
TOLIMA,CAJAMARCA,55
TOLIMA,CARMEN DE APICALA,92
TOLIMA,CASABIANCA,5
TOLIMA,CHAPARRAL,227
TOLIMA,COELLO,25
TOLIMA,COYAIMA,28
TOLIMA,CUNDAY,21
TOLIMA,DOLORES,8
TOLIMA,ESPINAL,"1,979"
TOLIMA,FALAN,23
TOLIMA,FRESNO,197
TOLIMA,GUAMO,377
TOLIMA,HERVEO,15
TOLIMA,HONDA,"1,345"
TOLIMA,IBAGUE,"20,920"
TOLIMA,ICONONZO,40
TOLIMA,LERIDA,191
TOLIMA,LIBANO,430
TOLIMA,MARIQUITA,962
TOLIMA,MELGAR,672
TOLIMA,MURILLO,3
TOLIMA,NATAGAIMA,67
TOLIMA,ORTEGA,39
TOLIMA,PIEDRAS,35
TOLIMA,PLANADAS,13
TOLIMA,PRADO,40
TOLIMA,PURIFICACION,239
TOLIMA,RIOBLANCO,5
TOLIMA,RONCESVALLES,2
TOLIMA,ROVIRA,34
TOLIMA,SALDAÑA,165
TOLIMA,SAN ANTONIO,4
TOLIMA,SAN LUIS,25
TOLIMA,SANTA ISABEL,5
TOLIMA,SUAREZ,14
TOLIMA,VALLE DE SAN JUAN,8
TOLIMA,VENADILLO,221
TOLIMA,VILLAHERMOSA,109
TOLIMA,VILLARRICA,4
VALLE DEL CAUCA,ALCALA,150
VALLE DEL CAUCA,ANDALUCIA,118
VALLE DEL CAUCA,ANSERMANUEVO,135
VALLE DEL CAUCA,ARGELIA,17
VALLE DEL CAUCA,BOLIVAR,179
VALLE DEL CAUCA,BUENAVENTURA,"3,356"
VALLE DEL CAUCA,BUGALAGRANDE,"1,177"
VALLE DEL CAUCA,CAICEDONIA,450
VALLE DEL CAUCA,CALI,"133,039"
VALLE DEL CAUCA,CALIMA,158
VALLE DEL CAUCA,CANDELARIA,"3,062"
VALLE DEL CAUCA,CARTAGO,"5,414"
VALLE DEL CAUCA,DAGUA,193
VALLE DEL CAUCA,EL AGUILA,13
VALLE DEL CAUCA,EL CAIRO,14
VALLE DEL CAUCA,EL CERRITO,"3,813"
VALLE DEL CAUCA,EL DOVIO,28
VALLE DEL CAUCA,FLORIDA,"3,197"
VALLE DEL CAUCA,GINEBRA,180
VALLE DEL CAUCA,GUACARI,"1,467"
VALLE DEL CAUCA,GUADALAJARA DE BUGA,"8,101"
VALLE DEL CAUCA,JAMUNDI,"1,971"
VALLE DEL CAUCA,LA CUMBRE,146
VALLE DEL CAUCA,LA UNION,513
VALLE DEL CAUCA,LA VICTORIA,158
VALLE DEL CAUCA,OBANDO,105
VALLE DEL CAUCA,PALMIRA,"19,945"
VALLE DEL CAUCA,PRADERA,"2,655"
VALLE DEL CAUCA,RESTREPO,55
VALLE DEL CAUCA,RIOFRIO,269
VALLE DEL CAUCA,ROLDANILLO,"1,317"
VALLE DEL CAUCA,SAN PEDRO,2
VALLE DEL CAUCA,SEVILLA,596
VALLE DEL CAUCA,TORO,101
VALLE DEL CAUCA,TRUJILLO,97
VALLE DEL CAUCA,TULUA,"10,145"
VALLE DEL CAUCA,VERSALLES,22
VALLE DEL CAUCA,VIJES,31
VALLE DEL CAUCA,YUMBO,"3,082"
VALLE DEL CAUCA,ZARZAL,"1,990"
VAUPES,MITU,72
VICHADA,CUMARIBO,3
VICHADA,LA PRIMAVERA,8
VICHADA,PUERTO CARREÑO,81
